{
    "_comment": "TSM Group Category Mappings for Project Ascension",
    "weapon_mappings": {
        "Sword (1H)": "Transmog`Swords`One Hand",
        "Sword (2H)": "Transmog`Swords`Two Hand",
        "Axe (1H)": "Transmog`Axes`One Hand",
        "Axe (2H)": "Transmog`Axes`Two Hand",
        "Mace (1H)": "Transmog`Maces`One Hand",
        "Mace (2H)": "Transmog`Maces`Two Hand",
        "Dagger": "Transmog`Daggers",
        "Staff": "Transmog`Staves",
        "Polearm": "Transmog`Polearms",
        "Bow": "Transmog`Bows",
        "Gun": "Transmog`Guns",
        "Crossbow": "Transmog`Crossbow",
        "Wand": "Transmog`Wands",
        "Thrown": "Transmog`Throwing",
        "Fist Weapon": "Transmog`Fist",
        "Fishing Pole": "Tradeskills`Fishing`Rods",
        "Miscellaneous": "Transmog`Misc"
    },
    "armor_mappings": {
        "Cloth": {
            "Head": "Transmog`Cloth`Helm",
            "Shoulder": "Transmog`Cloth`Shoulders",
            "Chest": "Transmog`Cloth`Chest",
            "Robe": "Transmog`Cloth`Chest",
            "Waist": "Transmog`Cloth`Waist",
            "Legs": "Transmog`Cloth`Legs",
            "Feet": "Transmog`Cloth`Feet",
            "Wrists": "Transmog`Cloth`Wrists",
            "Hands": "Transmog`Cloth`Hands",
            "Back": "Transmog`Cloth`Back"
        },
        "Leather": {
            "Head": "Transmog`Leather`Helm",
            "Shoulder": "Transmog`Leather`Shoulders",
            "Chest": "Transmog`Leather`Chest",
            "Waist": "Transmog`Leather`Waist",
            "Legs": "Transmog`Leather`Legs",
            "Feet": "Transmog`Leather`Feet",
            "Wrists": "Transmog`Leather`Wrists",
            "Hands": "Transmog`Leather`Hands"
        },
        "Mail": {
            "Head": "Transmog`Mail`Helm",
            "Shoulder": "Transmog`Mail`Shoulders",
            "Chest": "Transmog`Mail`Chest",
            "Waist": "Transmog`Mail`Waist",
            "Legs": "Transmog`Mail`Legs",
            "Feet": "Transmog`Mail`Feet",
            "Wrists": "Transmog`Mail`Wrists",
            "Hands": "Transmog`Mail`Hands"
        },
        "Plate": {
            "Head": "Transmog`Plate`Helm",
            "Shoulder": "Transmog`Plate`Shoulders",
            "Chest": "Transmog`Plate`Chest",
            "Waist": "Transmog`Plate`Waist",
            "Legs": "Transmog`Plate`Legs",
            "Feet": "Transmog`Plate`Feet",
            "Wrists": "Transmog`Plate`Wrists",
            "Hands": "Transmog`Plate`Hands"
        },
        "Shield": "Transmog`Shields",
        "Miscellaneous": {
            "Off Hand": "Transmog`Offhand",
            "Held In Off-hand": "Transmog`Offhand",
            "Tabard": "Transmog`Tabards",
            "Shirt": "Transmog`Cloth`Shirts",
            "Back": "Transmog`Cloth`Back"
        }
    },
    "consumable_mappings": {
        "Potion": "Tradeskills`Alchemy`Potions",
        "Elixir": "Tradeskills`Alchemy`Elixirs",
        "Flask": "Tradeskills`Alchemy`Flasks",
        "Food": "Tradeskills`Cooking`Eadibles",
        "Drink": "Tradeskills`Cooking`Drinks",
        "Bandage": "Tradeskills`FirstAid`Bandages",
        "Scroll": "Scrolls"
    },
    "trade_goods_mappings": {
        "Metal & Stone": "Tradeskills`Materials`Mining",
        "Herb": "Tradeskills`Materials`Herbalism",
        "Leather": "Tradeskills`Materials`Skinning",
        "Cloth": "Tradeskills`Tailoring`Cloth",
        "Meat": "Tradeskills`Cooking`Meats",
        "Elemental": "Tradeskills`Materials`Elemental",
        "Enchanting": "Tradeskills`Enchanting`Reagents",
        "Jewelcrafting": "Tradeskills`Jewelcrafting`Reagents",
        "Engineering": "Tradeskills`Engineering`Reagents",
        "Fish": "Tradeskills`Materials`Fish",
        "Wood": "Tradeskills`Materials`Woodcutting"
    },
    "recipe_mappings": {
        "Alchemy": "Patterns`Alchemy",
        "Blacksmithing": "Patterns`Blacksmithing",
        "Cooking": "Patterns`Cooking",
        "Enchanting": "Patterns`Enchanting",
        "Engineering": "Patterns`Engineering",
        "First Aid": "Patterns`First Aid",
        "Jewelcrafting": "Patterns`Jewelcrafting",
        "Leatherworking": "Patterns`Leatherworking",
        "Tailoring": "Patterns`Tailoring"
    },
    "gem_mappings": {
        "Red": "Tradeskills`Jewelcrafting`Gems",
        "Blue": "Tradeskills`Jewelcrafting`Gems",
        "Yellow": "Tradeskills`Jewelcrafting`Gems",
        "Purple": "Tradeskills`Jewelcrafting`Gems",
        "Green": "Tradeskills`Jewelcrafting`Gems",
        "Orange": "Tradeskills`Jewelcrafting`Gems",
        "Meta": "Tradeskills`Jewelcrafting`Gems",
        "Prismatic": "Tradeskills`Jewelcrafting`Gems"
    },
    "container_mappings": {
        "Bag": "Tradeskills`Tailoring`Bags",
        "Soul Bag": "Tradeskills`Tailoring`Bags",
        "Herb Bag": "Tradeskills`Tailoring`Bags",
        "Enchanting Bag": "Tradeskills`Tailoring`Bags",
        "Engineering Bag": "Tradeskills`Tailoring`Bags",
        "Gem Bag": "Tradeskills`Tailoring`Bags",
        "Mining Bag": "Tradeskills`Tailoring`Bags",
        "Leatherworking Bag": "Tradeskills`Tailoring`Bags",
        "Inscription Bag": "Tradeskills`Tailoring`Bags"
    },
    "projectile_mappings": {
        "Arrow": "Ammo",
        "Bullet": "Ammo"
    },
    "ascension_mappings": {
        "appearances": "Ascension`Appearances",
        "heirlooms": "Ascension`Appearances`Heirlooms",
        "bags": "Ascension`Bags",
        "bundles": "Ascension`Bundles",
        "books": "Ascension`Convenience`Books",
        "storage": "Ascension`Convenience`Storage",
        "crafting": "Ascension`Crafting",
        "currency": "Ascension`Currency",
        "hearthstones": "Ascension`Hearthstones",
        "mounts": "Ascension`Mounts",
        "mystic_scrolls": "Ascension`Mystic Scrolls",
        "pets": "Ascension`Pets",
        "specializations": "Ascension`Specializations",
        "toys": "Ascension`Toys",
        "whistles": "Ascension`Whistles",
        "xp": "Ascension`XP"
    },
    "events_mappings": {
        "pilgrims_bounty_cooking": "Events`Pilgrims Bounty`Cooking",
        "pilgrims_bounty_transmog": "Events`Pilgrims Bounty`Transmog"
    },
    "all_groups": [
        "Ammo",
        "Ascension",
        "Ascension`Appearances",
        "Ascension`Appearances`Heirlooms",
        "Ascension`Bags",
        "Ascension`Bundles",
        "Ascension`Convenience",
        "Ascension`Convenience`Books",
        "Ascension`Convenience`Storage",
        "Ascension`Crafting",
        "Ascension`Currency",
        "Ascension`Hearthstones",
        "Ascension`Mounts",
        "Ascension`Mystic Scrolls",
        "Ascension`Pets",
        "Ascension`Specializations",
        "Ascension`Toys",
        "Ascension`Whistles",
        "Ascension`XP",
        "Events",
        "Events`Pilgrims Bounty",
        "Events`Pilgrims Bounty`Cooking",
        "Events`Pilgrims Bounty`Transmog",
        "Openables",
        "Other",
        "Patterns",
        "Patterns`Alchemy",
        "Patterns`Blacksmithing",
        "Patterns`Cooking",
        "Patterns`Enchanting",
        "Patterns`Engineering",
        "Patterns`First Aid",
        "Patterns`Jewelcrafting",
        "Patterns`Leatherworking",
        "Patterns`Tailoring",
        "Scrolls",
        "Tools",
        "Tradeskills",
        "Tradeskills`Alchemy",
        "Tradeskills`Alchemy`Elixirs",
        "Tradeskills`Alchemy`Flasks",
        "Tradeskills`Alchemy`Gear",
        "Tradeskills`Alchemy`Potions",
        "Tradeskills`Alchemy`Reagents",
        "Tradeskills`Blacksmithing",
        "Tradeskills`Blacksmithing`Gear",
        "Tradeskills`Blacksmithing`Reagents",
        "Tradeskills`Blacksmithing`Stones",
        "Tradeskills`Cooking",
        "Tradeskills`Cooking`Drinks",
        "Tradeskills`Cooking`Eadibles",
        "Tradeskills`Cooking`Meats",
        "Tradeskills`Cooking`Reagents",
        "Tradeskills`Enchanting",
        "Tradeskills`Enchanting`Dusts",
        "Tradeskills`Enchanting`Essences",
        "Tradeskills`Enchanting`Reagents",
        "Tradeskills`Enchanting`Shards",
        "Tradeskills`Engineering",
        "Tradeskills`Engineering`Gear",
        "Tradeskills`Engineering`Reagents",
        "Tradeskills`FirstAid",
        "Tradeskills`FirstAid`Bandages",
        "Tradeskills`Fishing",
        "Tradeskills`Fishing`Bait",
        "Tradeskills`Fishing`Misc",
        "Tradeskills`Fishing`Rods",
        "Tradeskills`Jewelcrafting",
        "Tradeskills`Jewelcrafting`Gear",
        "Tradeskills`Jewelcrafting`Gems",
        "Tradeskills`Jewelcrafting`Reagents",
        "Tradeskills`Leatherworking",
        "Tradeskills`Leatherworking`Gear",
        "Tradeskills`Leatherworking`Reagents",
        "Tradeskills`Materials",
        "Tradeskills`Materials`Fish",
        "Tradeskills`Materials`Gems",
        "Tradeskills`Materials`Herbalism",
        "Tradeskills`Materials`Mining",
        "Tradeskills`Materials`Skinning",
        "Tradeskills`Materials`Woodcutting",
        "Tradeskills`Tailoring",
        "Tradeskills`Tailoring`Bags",
        "Tradeskills`Tailoring`Bolts",
        "Tradeskills`Tailoring`Cloth",
        "Tradeskills`Tailoring`Gear",
        "Tradeskills`Tailoring`Reagents",
        "Transmog",
        "Transmog`Axes",
        "Transmog`Axes`One Hand",
        "Transmog`Axes`Two Hand",
        "Transmog`Bows",
        "Transmog`Cloth",
        "Transmog`Cloth`Back",
        "Transmog`Cloth`Chest",
        "Transmog`Cloth`Feet",
        "Transmog`Cloth`Hands",
        "Transmog`Cloth`Helm",
        "Transmog`Cloth`Legs",
        "Transmog`Cloth`Shirts",
        "Transmog`Cloth`Shoulders",
        "Transmog`Cloth`Waist",
        "Transmog`Cloth`Wrists",
        "Transmog`Crossbow",
        "Transmog`Daggers",
        "Transmog`Fist",
        "Transmog`Guns",
        "Transmog`Leather",
        "Transmog`Leather`Chest",
        "Transmog`Leather`Feet",
        "Transmog`Leather`Hands",
        "Transmog`Leather`Helm",
        "Transmog`Leather`Legs",
        "Transmog`Leather`Shoulders",
        "Transmog`Leather`Waist",
        "Transmog`Leather`Wrists",
        "Transmog`Maces",
        "Transmog`Maces`One Hand",
        "Transmog`Maces`Two Hand",
        "Transmog`Mail",
        "Transmog`Mail`Chest",
        "Transmog`Mail`Feet",
        "Transmog`Mail`Hands",
        "Transmog`Mail`Helm",
        "Transmog`Mail`Legs",
        "Transmog`Mail`Shoulders",
        "Transmog`Mail`Waist",
        "Transmog`Mail`Wrists",
        "Transmog`Misc",
        "Transmog`Offhand",
        "Transmog`Other",
        "Transmog`Plate",
        "Transmog`Plate`Chest",
        "Transmog`Plate`Feet",
        "Transmog`Plate`Hands",
        "Transmog`Plate`Helm",
        "Transmog`Plate`Legs",
        "Transmog`Plate`Shoulders",
        "Transmog`Plate`Waist",
        "Transmog`Plate`Wrists",
        "Transmog`Polearms",
        "Transmog`Shields",
        "Transmog`Staves",
        "Transmog`Swords",
        "Transmog`Swords`One Hand",
        "Transmog`Swords`Two Hand",
        "Transmog`Tabards",
        "Transmog`Throwing",
        "Transmog`Wands",
        "Trash"
    ],
    "default_group": "Other"
}